Amarnath;12;Software Engineer
Ahamed;8;Medical
Gareth;10;Accountant
Selena;10;Analyst
Amar;1;Engineer
Aham;9;Medi
Gare;1;Accountant
Sele;11;Analyst
Amarnath;12;Software Engineer
Ahamed;8;Medical
Gareth;10;Accountant
Selena;10;Analyst
Amar;1;Engineer
Aham;9;Medi
Gare;1;Accountant
Sele;11;Analyst
amar;1;software
watt;5;prog
Amarnath;12;Software Engineer
Ahamed;8;Medical
Gareth;10;Accountant
Selena;10;Analyst
Amar;1;Engineer
Aham;9;Medi
Gare;1;Accountant
Sele;11;Analyst
amar;4;soft
amar2;5;softr
kod;9;wot
